<?xml version="1.0" encoding="UTF-8" ?>
<!DOCTYPE mapper
PUBLIC "-//mybatis.org//DTD Mapper 3.0//EN"
"http://mybatis.org/dtd/mybatis-3-mapper.dtd">
<mapper namespace="com.ga.mapper.AreaUserInfoMapper">
    
    <resultMap type="AreaUserInfo" id="AreaUserInfoResult">
        <result property="id"    column="id"    />
        <result property="userId"    column="user_id"    />
        <result property="level"    column="level"    />
        <result property="message"    column="message"    />
        <result property="avatarPath"    column="avatar_path"    />
        <result property="nickname"    column="nickname"    />
    </resultMap>

    <sql id="selectAreaUserInfoVo">
        select id, user_id, level, message, avatar_path, nickname from area_user_info
    </sql>

    <select id="selectAreaUserInfoList" parameterType="AreaUserInfo" resultMap="AreaUserInfoResult">
        <include refid="selectAreaUserInfoVo"/>
        <where>  
            <if test="userId != null  and userId != ''"> and user_id = #{userId}</if>
            <if test="level != null "> and level = #{level}</if>
            <if test="message != null  and message != ''"> and message = #{message}</if>
            <if test="avatarPath != null  and avatarPath != ''"> and avatar_path = #{avatarPath}</if>
            <if test="nickname != null  and nickname != ''"> and nickname like concat('%', #{nickname}, '%')</if>
        </where>
    </select>
    
    <select id="selectAreaUserInfoById" parameterType="Long" resultMap="AreaUserInfoResult">
        <include refid="selectAreaUserInfoVo"/>
        where id = #{id}
    </select>
        
    <insert id="insertAreaUserInfo" parameterType="AreaUserInfo" useGeneratedKeys="true" keyProperty="id">
        insert into area_user_info
        <trim prefix="(" suffix=")" suffixOverrides=",">
            <if test="userId != null and userId != ''">user_id,</if>
            <if test="level != null">level,</if>
            <if test="message != null">message,</if>
            <if test="avatarPath != null">avatar_path,</if>
            <if test="nickname != null">nickname,</if>
         </trim>
        <trim prefix="values (" suffix=")" suffixOverrides=",">
            <if test="userId != null and userId != ''">#{userId},</if>
            <if test="level != null">#{level},</if>
            <if test="message != null">#{message},</if>
            <if test="avatarPath != null">#{avatarPath},</if>
            <if test="nickname != null">#{nickname},</if>
         </trim>
    </insert>

    <update id="updateAreaUserInfo" parameterType="AreaUserInfo">
        update area_user_info
        <trim prefix="SET" suffixOverrides=",">
            <if test="userId != null and userId != ''">user_id = #{userId},</if>
            <if test="level != null">level = #{level},</if>
            <if test="message != null">message = #{message},</if>
            <if test="avatarPath != null">avatar_path = #{avatarPath},</if>
            <if test="nickname != null">nickname = #{nickname},</if>
        </trim>
        where id = #{id}
    </update>

    <delete id="deleteAreaUserInfoById" parameterType="Long">
        delete from area_user_info where id = #{id}
    </delete>

    <delete id="deleteAreaUserInfoByIds" parameterType="String">
        delete from area_user_info where id in 
        <foreach item="id" collection="array" open="(" separator="," close=")">
            #{id}
        </foreach>
    </delete>
</mapper>