<?xml version="1.0" encoding="UTF-8" ?>
<!DOCTYPE mapper
PUBLIC "-//mybatis.org//DTD Mapper 3.0//EN"
"http://mybatis.org/dtd/mybatis-3-mapper.dtd">
<mapper namespace="com.ga.mapper.AreaUserMapper">
    
    <resultMap type="AreaUser" id="AreaUserResult">
        <result property="id"    column="id"    />
        <result property="username"    column="username"    />
        <result property="password"    column="password"    />
        <result property="email"    column="email"    />
        <result property="phone"    column="phone"    />
        <result property="createTime"    column="create_time"    />
        <result property="updateTime"    column="update_time"    />
        <result property="status"    column="status"    />
        <result property="userPermissions"    column="user_permissions"    />
    </resultMap>

    <sql id="selectAreaUserVo">
        select id, username, password, email, phone, create_time, update_time, status, user_permissions from area_user
    </sql>

    <select id="selectAreaUserList" parameterType="AreaUser" resultMap="AreaUserResult">
        <include refid="selectAreaUserVo"/>
        <where>  
            <if test="username != null  and username != ''"> and username like concat('%', #{username}, '%')</if>
            <if test="password != null  and password != ''"> and password = #{password}</if>
            <if test="email != null  and email != ''"> and email = #{email}</if>
            <if test="phone != null  and phone != ''"> and phone = #{phone}</if>
            <if test="status != null "> and status = #{status}</if>
            <if test="userPermissions != null "> and user_permissions = #{userPermissions}</if>
        </where>
    </select>
    
    <select id="selectAreaUserById" parameterType="Long" resultMap="AreaUserResult">
        <include refid="selectAreaUserVo"/>
        where id = #{id}
    </select>
        
    <insert id="insertAreaUser" parameterType="AreaUser" useGeneratedKeys="true" keyProperty="id">
        insert into area_user
        <trim prefix="(" suffix=")" suffixOverrides=",">
            <if test="username != null and username != ''">username,</if>
            <if test="password != null and password != ''">password,</if>
            <if test="email != null">email,</if>
            <if test="phone != null">phone,</if>
            <if test="createTime != null">create_time,</if>
            <if test="updateTime != null">update_time,</if>
            <if test="status != null">status,</if>
            <if test="userPermissions != null">user_permissions,</if>
         </trim>
        <trim prefix="values (" suffix=")" suffixOverrides=",">
            <if test="username != null and username != ''">#{username},</if>
            <if test="password != null and password != ''">#{password},</if>
            <if test="email != null">#{email},</if>
            <if test="phone != null">#{phone},</if>
            <if test="createTime != null">#{createTime},</if>
            <if test="updateTime != null">#{updateTime},</if>
            <if test="status != null">#{status},</if>
            <if test="userPermissions != null">#{userPermissions},</if>
         </trim>
    </insert>

    <update id="updateAreaUser" parameterType="AreaUser">
        update area_user
        <trim prefix="SET" suffixOverrides=",">
            <if test="username != null and username != ''">username = #{username},</if>
            <if test="password != null and password != ''">password = #{password},</if>
            <if test="email != null">email = #{email},</if>
            <if test="phone != null">phone = #{phone},</if>
            <if test="createTime != null">create_time = #{createTime},</if>
            <if test="updateTime != null">update_time = #{updateTime},</if>
            <if test="status != null">status = #{status},</if>
            <if test="userPermissions != null">user_permissions = #{userPermissions},</if>
        </trim>
        where id = #{id}
    </update>

    <delete id="deleteAreaUserById" parameterType="Long">
        delete from area_user where id = #{id}
    </delete>

    <delete id="deleteAreaUserByIds" parameterType="String">
        delete from area_user where id in 
        <foreach item="id" collection="array" open="(" separator="," close=")">
            #{id}
        </foreach>
    </delete>
</mapper>