<?xml version="1.0" encoding="UTF-8" ?>
<!DOCTYPE mapper
PUBLIC "-//mybatis.org//DTD Mapper 3.0//EN"
"http://mybatis.org/dtd/mybatis-3-mapper.dtd">
<mapper namespace="com.ga.mapper.BbsUserPermissionsMapper">
    
    <resultMap type="BbsUserPermissions" id="BbsUserPermissionsResult">
        <result property="id"    column="id"    />
        <result property="blockId"    column="block_id"    />
        <result property="userId"    column="user_id"    />
        <result property="createTime"    column="create_time"    />
        <result property="status"    column="status"    />
        <result property="permissionOfferPersonId"    column="permission_offer_person_id"    />
        <result property="permissionPassPersonId"    column="permission_pass_person_id"    />
    </resultMap>

    <sql id="selectBbsUserPermissionsVo">
        select id, block_id, user_id, create_time, status, permission_offer_person_id, permission_pass_person_id from bbs_user_permissions
    </sql>

    <select id="selectBbsUserPermissionsList" parameterType="BbsUserPermissions" resultMap="BbsUserPermissionsResult">
        <include refid="selectBbsUserPermissionsVo"/>
        <where>  
            <if test="blockId != null  and blockId != ''"> and block_id = #{blockId}</if>
            <if test="userId != null  and userId != ''"> and user_id = #{userId}</if>
            <if test="status != null  and status != ''"> and status = #{status}</if>
            <if test="permissionOfferPersonId != null  and permissionOfferPersonId != ''"> and permission_offer_person_id = #{permissionOfferPersonId}</if>
            <if test="permissionPassPersonId != null  and permissionPassPersonId != ''"> and permission_pass_person_id = #{permissionPassPersonId}</if>
        </where>
    </select>
    
    <select id="selectBbsUserPermissionsById" parameterType="Long" resultMap="BbsUserPermissionsResult">
        <include refid="selectBbsUserPermissionsVo"/>
        where id = #{id}
    </select>
        
    <insert id="insertBbsUserPermissions" parameterType="BbsUserPermissions" useGeneratedKeys="true" keyProperty="id">
        insert into bbs_user_permissions
        <trim prefix="(" suffix=")" suffixOverrides=",">
            <if test="blockId != null">block_id,</if>
            <if test="userId != null and userId != ''">user_id,</if>
            <if test="createTime != null">create_time,</if>
            <if test="status != null and status != ''">status,</if>
            <if test="permissionOfferPersonId != null and permissionOfferPersonId != ''">permission_offer_person_id,</if>
            <if test="permissionPassPersonId != null and permissionPassPersonId != ''">permission_pass_person_id,</if>
         </trim>
        <trim prefix="values (" suffix=")" suffixOverrides=",">
            <if test="blockId != null">#{blockId},</if>
            <if test="userId != null and userId != ''">#{userId},</if>
            <if test="createTime != null">#{createTime},</if>
            <if test="status != null and status != ''">#{status},</if>
            <if test="permissionOfferPersonId != null and permissionOfferPersonId != ''">#{permissionOfferPersonId},</if>
            <if test="permissionPassPersonId != null and permissionPassPersonId != ''">#{permissionPassPersonId},</if>
         </trim>
    </insert>

    <update id="updateBbsUserPermissions" parameterType="BbsUserPermissions">
        update bbs_user_permissions
        <trim prefix="SET" suffixOverrides=",">
            <if test="blockId != null">block_id = #{blockId},</if>
            <if test="userId != null and userId != ''">user_id = #{userId},</if>
            <if test="createTime != null">create_time = #{createTime},</if>
            <if test="status != null and status != ''">status = #{status},</if>
            <if test="permissionOfferPersonId != null and permissionOfferPersonId != ''">permission_offer_person_id = #{permissionOfferPersonId},</if>
            <if test="permissionPassPersonId != null and permissionPassPersonId != ''">permission_pass_person_id = #{permissionPassPersonId},</if>
        </trim>
        where id = #{id}
    </update>

    <delete id="deleteBbsUserPermissionsById" parameterType="Long">
        delete from bbs_user_permissions where id = #{id}
    </delete>

    <delete id="deleteBbsUserPermissionsByIds" parameterType="String">
        delete from bbs_user_permissions where id in 
        <foreach item="id" collection="array" open="(" separator="," close=")">
            #{id}
        </foreach>
    </delete>
</mapper>