<?xml version="1.0" encoding="UTF-8" ?>
<!DOCTYPE mapper
PUBLIC "-//mybatis.org//DTD Mapper 3.0//EN"
"http://mybatis.org/dtd/mybatis-3-mapper.dtd">
<mapper namespace="com.ga.mapper.ShareCardTagMapper">
    
    <resultMap type="ShareCardTag" id="ShareCardTagResult">
        <result property="relId"    column="rel_id"    />
        <result property="cardId"    column="card_id"    />
        <result property="tagId"    column="tag_id"    />
        <result property="createTime"    column="create_time"    />
        <result property="updateTime"    column="update_time"    />
        <result property="status"    column="status"    />
    </resultMap>

    <sql id="selectShareCardTagVo">
        select rel_id, card_id, tag_id, create_time, update_time, status from share_card_tag
    </sql>

    <select id="selectShareCardTagList" parameterType="ShareCardTag" resultMap="ShareCardTagResult">
        <include refid="selectShareCardTagVo"/>
        <where>  
            <if test="cardId != null  and cardId != ''"> and card_id = #{cardId}</if>
            <if test="tagId != null  and tagId != ''"> and tag_id = #{tagId}</if>
            <if test="status != null  and status != ''"> and status = #{status}</if>
        </where>
    </select>
    
    <select id="selectShareCardTagByRelId" parameterType="Long" resultMap="ShareCardTagResult">
        <include refid="selectShareCardTagVo"/>
        where rel_id = #{relId}
    </select>
        
    <insert id="insertShareCardTag" parameterType="ShareCardTag" useGeneratedKeys="true" keyProperty="relId">
        insert into share_card_tag
        <trim prefix="(" suffix=")" suffixOverrides=",">
            <if test="cardId != null and cardId != ''">card_id,</if>
            <if test="tagId != null and tagId != ''">tag_id,</if>
            <if test="createTime != null">create_time,</if>
            <if test="updateTime != null">update_time,</if>
            <if test="status != null and status != ''">status,</if>
         </trim>
        <trim prefix="values (" suffix=")" suffixOverrides=",">
            <if test="cardId != null and cardId != ''">#{cardId},</if>
            <if test="tagId != null and tagId != ''">#{tagId},</if>
            <if test="createTime != null">#{createTime},</if>
            <if test="updateTime != null">#{updateTime},</if>
            <if test="status != null and status != ''">#{status},</if>
         </trim>
    </insert>

    <update id="updateShareCardTag" parameterType="ShareCardTag">
        update share_card_tag
        <trim prefix="SET" suffixOverrides=",">
            <if test="cardId != null and cardId != ''">card_id = #{cardId},</if>
            <if test="tagId != null and tagId != ''">tag_id = #{tagId},</if>
            <if test="createTime != null">create_time = #{createTime},</if>
            <if test="updateTime != null">update_time = #{updateTime},</if>
            <if test="status != null and status != ''">status = #{status},</if>
        </trim>
        where rel_id = #{relId}
    </update>

    <delete id="deleteShareCardTagByRelId" parameterType="Long">
        delete from share_card_tag where rel_id = #{relId}
    </delete>

    <delete id="deleteShareCardTagByRelIds" parameterType="String">
        delete from share_card_tag where rel_id in 
        <foreach item="relId" collection="array" open="(" separator="," close=")">
            #{relId}
        </foreach>
    </delete>
</mapper>