<?xml version="1.0" encoding="UTF-8" ?>
<!DOCTYPE mapper
PUBLIC "-//mybatis.org//DTD Mapper 3.0//EN"
"http://mybatis.org/dtd/mybatis-3-mapper.dtd">
<mapper namespace="com.ga.mapper.ShareCardMapper">
    
    <resultMap type="ShareCard" id="ShareCardResult">
        <result property="cardId"    column="card_id"    />
        <result property="title"    column="title"    />
        <result property="typeId"    column="type_id"    />
        <result property="createBy"    column="create_by"    />
        <result property="createTime"    column="create_time"    />
        <result property="updateBy"    column="update_by"    />
        <result property="updateTime"    column="update_time"    />
        <result property="status"    column="status"    />
    </resultMap>

    <sql id="selectShareCardVo">
        select card_id, title, type_id, create_by, create_time, update_by, update_time, status from share_card
    </sql>

    <select id="selectShareCardList" parameterType="ShareCard" resultMap="ShareCardResult">
        <include refid="selectShareCardVo"/>
        <where>  
            <if test="title != null  and title != ''"> and title = #{title}</if>
            <if test="typeId != null  and typeId != ''"> and type_id = #{typeId}</if>
            <if test="status != null  and status != ''"> and status = #{status}</if>
        </where>
    </select>
    
    <select id="selectShareCardByCardId" parameterType="Long" resultMap="ShareCardResult">
        <include refid="selectShareCardVo"/>
        where card_id = #{cardId}
    </select>
        
    <insert id="insertShareCard" parameterType="ShareCard" useGeneratedKeys="true" keyProperty="cardId">
        insert into share_card
        <trim prefix="(" suffix=")" suffixOverrides=",">
            <if test="title != null and title != ''">title,</if>
            <if test="typeId != null and typeId != ''">type_id,</if>
            <if test="createBy != null and createBy != ''">create_by,</if>
            <if test="createTime != null">create_time,</if>
            <if test="updateBy != null and updateBy != ''">update_by,</if>
            <if test="updateTime != null">update_time,</if>
            <if test="status != null and status != ''">status,</if>
         </trim>
        <trim prefix="values (" suffix=")" suffixOverrides=",">
            <if test="title != null and title != ''">#{title},</if>
            <if test="typeId != null and typeId != ''">#{typeId},</if>
            <if test="createBy != null and createBy != ''">#{createBy},</if>
            <if test="createTime != null">#{createTime},</if>
            <if test="updateBy != null and updateBy != ''">#{updateBy},</if>
            <if test="updateTime != null">#{updateTime},</if>
            <if test="status != null and status != ''">#{status},</if>
         </trim>
    </insert>

    <update id="updateShareCard" parameterType="ShareCard">
        update share_card
        <trim prefix="SET" suffixOverrides=",">
            <if test="title != null and title != ''">title = #{title},</if>
            <if test="typeId != null and typeId != ''">type_id = #{typeId},</if>
            <if test="createBy != null and createBy != ''">create_by = #{createBy},</if>
            <if test="createTime != null">create_time = #{createTime},</if>
            <if test="updateBy != null and updateBy != ''">update_by = #{updateBy},</if>
            <if test="updateTime != null">update_time = #{updateTime},</if>
            <if test="status != null and status != ''">status = #{status},</if>
        </trim>
        where card_id = #{cardId}
    </update>

    <delete id="deleteShareCardByCardId" parameterType="Long">
        delete from share_card where card_id = #{cardId}
    </delete>

    <delete id="deleteShareCardByCardIds" parameterType="String">
        delete from share_card where card_id in 
        <foreach item="cardId" collection="array" open="(" separator="," close=")">
            #{cardId}
        </foreach>
    </delete>
</mapper>